{"target": {"Q1": -0.00213, "Q2": {"1": 0.67977, "2": 0.49594, "3": 0.40508, "4": 0.39564}, "Q3": 10, "Q4": 111, "Q5": 111, "Q6": {"Normal": 111, "Good": 111, "Bad": 111, "Very bad": 111}}}