{"target": {"Q1": 0.00436, "Q2": {"1": 0.6804, "2": 0.47805, "3": 0.42521, "4": 0.49979}, "Q3": 21, "Q4": 224, "Q5": 208, "Q6": {"Normal": 636846, "Bad": 96058, "Very bad": 4401, "Good": 2869391}}}