{"target": {"Q1": 0.00436, "Q2": {"1": 0.6804, "2": 0.47805, "3": 0.42521, "4": 0.49979}, "Q3": 15, "Q4": 211, "Q5": 208, "Q6": {"Normal": 260379, "Bad": 99525, "Very bad": 15160, "Good": 223990}}}