{"target": {"Q1": 0.00404, "Q2": {"1": 0.68052, "2": 0.48543, "3": 0.42441, "4": 0.49983}, "Q3": 21, "Q4": 224, "Q5": 208}}