{"target": {"Q1": -0.00213, "Q2": {"1": 0.67977, "2": 0.49594, "3": 0.40508, "4": 0.39564}, "Q3": 10}}