{"target": {"Q1": 0.00436, "Q2": {"1": 0.42441, "2": 0.49983, "3": 0.68052, "4": 0.48543}, "Q3": 21, "Q4": 224, "Q5": 208, "Q6": {"Normal": 636846, "Bad": 96058, "Very bad": 4401, "Good": 2869391}}}